{"cameraMode":{"drawMode":0,"name":"Shaded","section":"Shading Mode"},"sceneLighting":true,"audioPlay":false,"sceneViewState":{"showFog":true,"showMaterialUpdate":false,"showSkybox":true,"showFlares":true,"showImageEffects":true,"showParticleSystems":true},"in2DMode":false,"pivot":{"x":-0.14630919694900514,"y":0.6496925950050354,"z":1.20511794090271},"rotation":{"x":0.1413140445947647,"y":0.6882378458976746,"z":-0.13937640190124513,"w":0.6978060007095337},"size":5.202878952026367,"orthographic":false}