{"cameraMode":{"drawMode":0,"name":"Shaded","section":"Shading Mode"},"sceneLighting":true,"audioPlay":false,"sceneViewState":{"showFog":true,"showMaterialUpdate":false,"showSkybox":true,"showFlares":true,"showImageEffects":true,"showParticleSystems":true},"in2DMode":false,"pivot":{"x":-3.359999895095825,"y":2.4000000953674318,"z":0.5400000214576721},"rotation":{"x":0.1835482269525528,"y":0.7367358803749085,"z":-0.2209022492170334,"w":0.612153947353363},"size":2.3965606689453127,"orthographic":false}